{
  "a": 0.9100404066137323,
  "b": 0.04514061813226015,
  "fitted": true
}